"","Date","DayofWeek","Anaheim/SantaAna_CA","Atlanta_GA","Boston_MA","Chicago_IL","Dallas_TX","Denver_CO","Detroit_MI","Houston_TX","LosAngeles_LongBeach_CA","Miami_FL","Minneapolis_StPaul_MN-WI","Nashville_TN","NewOrleans_LA","New York_NY","Norfolk_VirginiaBeach_VA","Oahu_HI","Orlando_FL","Philadelphia_PA","Phoenix_AZ","SanDiego_CA","SanFrancisco_SanMateo_CA","Seattle_WA","StLouis_MO.IL","Tampa_StPetersburg_FL","Washington_DC.MD.VA"
"1",2017-12-31,"Sunday",88.9,79,69.9,69.8,59,70.7,68.2,56.6,92.1,91.2,70.5,77.4,93.7,91.3,54.8,94.7,93.2,70.4,63,82.8,82.4,69.3,57.8,88.8,60.6
"2",2018-01-01,"Monday",58.9,51.2,28.9,29.3,32.2,38.2,30.2,38.7,70.9,76,26.8,34.6,83.2,73.4,25.2,86.8,71.7,30.2,39.7,49.3,49.8,34.5,27.6,55.4,28.5
"3",2018-01-02,"Tuesday",64.1,52.4,38.1,35.2,40.7,40.3,36.9,46.4,60.9,74.7,35.6,39.3,40.6,70.8,29.4,84.2,75.4,38.3,44.9,52.9,53.3,40.3,35.1,53,34.9
"4",2018-01-03,"Wednesday",71.8,51.3,47.3,41.2,52.2,47,43.5,52.3,65.8,78.5,42.1,45.3,44.1,75.4,35.6,85.5,82.1,52.2,50.9,59.3,60.8,47,40,59,41.9
"5",2018-01-04,"Thursday",71.9,51.7,56,44.7,57.5,49.4,47.9,53.7,68.3,80.9,45.2,48.6,50,80.1,38.9,86,84.3,61.5,56.9,63.9,62.5,47.5,40.3,61.1,45.1
"6",2018-01-05,"Friday",69.7,48.4,45.7,42.5,61.9,50.8,45.5,50.3,69.4,80.6,50.5,52.6,61.7,73.3,36.7,86.7,82.2,62.3,58.5,66,58.8,46,44.5,61.8,43.4
"7",2018-01-06,"Saturday",68.5,53.3,50.6,41.4,58.9,51.9,46.6,51.5,69.4,78.1,55,55.7,66,74.6,36.7,84.3,82.7,65.1,57.8,65.7,63.5,47.7,50.1,60.6,48.4
"11",2018-01-07,"Sunday",54,56.2,42.1,32.6,44.4,46.1,39.4,49.2,57.2,71.7,35,51.4,45.6,61.2,35.3,80.9,75.6,41.8,50.5,47.5,76.5,42.3,41.4,48.4,45.7
"21",2018-01-08,"Monday",64,76.2,59,48.4,64.4,61.9,55.3,66.2,68.2,78.2,54.8,64.9,47.1,70.5,41.7,80.2,90,60.1,66.1,60,88.3,60.4,55,63.5,64.6
"31",2018-01-09,"Tuesday",68.6,75.1,66,55.6,72.3,72.3,62.2,74.1,73.9,78.2,61.6,70,54.8,74.8,44.6,79.7,94.4,64.9,75.4,69.9,91.5,67.8,63.3,70.6,71.3
"41",2018-01-10,"Wednesday",67.8,79.4,65.9,56,73.5,76.3,64.3,73.9,76.6,78.2,64.6,60,59.3,75.3,46.1,81.5,91.8,64.4,78.9,73.1,86.2,70.4,58.9,77.1,67.7
"51",2018-01-11,"Thursday",62.1,73.5,54.4,47.3,66.1,71.5,59.7,68.3,74,80.1,55.2,54.9,62.1,74.5,43.6,84.2,80.9,53.5,75.6,72.6,69.7,63.8,49.3,73.8,55
"61",2018-01-12,"Friday",66.4,72.3,53.2,52,60.1,67.9,60.8,63.3,75.2,83.8,58.5,62.9,71.2,80.6,52.3,86.9,81.4,58.3,77.7,73.9,65.5,59.5,48.8,75.2,53
"71",2018-01-13,"Saturday",74.7,74.1,64.4,57.7,58.5,67.6,67.8,70.5,81,88.1,74.9,58.4,81.2,92.1,54.9,86.8,85,73.7,80.9,82.7,71.4,62.4,54.3,76.6,57.8
"12",2018-01-14,"Sunday",61.6,57.5,48.3,40.1,47.5,53,57.8,55.9,67.4,78.8,57.2,48,59.8,82.3,38.6,83.5,69.2,47.8,69.2,65.4,60.1,52.4,42,61.9,40.4
"22",2018-01-15,"Monday",58.6,61.3,55.9,44.6,65.6,61.2,68.3,67.5,69.9,77.4,54.9,57.6,52.2,78.5,40.8,80.8,65.4,51.6,70.8,64.4,63.7,60.5,44.8,63.5,42.6
"32",2018-01-16,"Tuesday",67.9,73.3,72.6,56.7,76.3,70.1,76.8,78.2,77.5,84.6,66.6,64,60.1,84.9,45.7,80.4,73.6,69.3,80.8,72.7,77.2,72.5,53.9,76.3,56.3
"42",2018-01-17,"Wednesday",72.6,72.2,71,58.2,80,73.9,76.1,74.5,81.2,88.6,66.1,57.7,62.6,79.4,48.6,82.5,73.8,72.8,83.7,74.2,83.7,76.3,55.3,79.8,59.3
"52",2018-01-18,"Thursday",71,59.3,60.8,50.9,72.7,66.7,63.4,66.2,77.5,87.7,55,57.4,57,74.2,44.6,84.6,68.6,64.4,81.5,70.2,78.8,66.3,48.2,76.4,58.9
"62",2018-01-19,"Friday",68.6,55.4,51.8,48.1,64.6,60.4,60.9,60.2,76.5,84.5,53.3,60.5,63.4,72.1,45.1,86.3,70.5,59.7,79.7,67.6,69.9,54.4,48,74.7,51.8
"72",2018-01-20,"Saturday",73.4,58.7,59.9,59.3,62.5,59.2,62.8,61.7,76.2,84.2,60.3,54.2,71.2,77.9,46.1,86.6,72.6,65.7,73.7,68.9,77.1,54.4,51.8,73.3,48.8
"13",2018-01-21,"Sunday",55.6,46.2,46.9,53.7,49.1,48.6,45.1,56,64.7,72.9,42.3,35.5,58.6,60.4,31.6,84.8,62.9,47.2,61.3,54.8,74.1,52.4,34.2,53.8,36.6
"23",2018-01-22,"Monday",67.9,67.5,62.8,74.7,72.1,62.6,64.1,75.6,78.8,81,60.7,54.3,63.2,72.3,41.1,85.7,75.3,59.6,75.2,69.2,87.4,73,51.7,70.6,52.3
"33",2018-01-23,"Tuesday",78.5,73.8,72.1,75.7,80.9,71.8,69.5,82.8,85,85.3,63.3,63.8,58.7,78.5,44.3,86.1,85.1,67.3,80.1,74.3,87.3,81.9,59.8,77.8,62.3
"43",2018-01-24,"Wednesday",87.9,72.8,73.1,64.3,80.4,82.8,68.7,81,85.6,86,66.2,65.4,61.4,80.9,44.4,86.2,89.4,66.7,80.5,75.5,86.4,83.1,59.1,80.9,66.3
"53",2018-01-25,"Thursday",89,62.6,65.6,50.9,69.5,78,61,69.3,81.3,86.5,59.2,60.8,62,78.7,41.3,84.9,88,55.8,76.4,71.2,77.8,73.2,52.3,76.5,56.8
"63",2018-01-26,"Friday",87.1,62.8,57.3,48.2,67.3,67.6,55.7,63.6,77.5,88.4,60.9,58.4,70.6,78.6,48.4,84.5,84.9,53.9,72.4,70,71.8,65.6,51.2,78.9,48.8
"73",2018-01-27,"Saturday",86.6,66.9,59.3,52.9,67,61.7,63.5,65.1,79.1,88.7,66.4,58.7,74.7,83.8,51.4,81.1,85.9,61.8,70.9,75.7,75.6,67.3,54.1,84,51.8
"14",2018-01-28,"Sunday",58.7,48.5,40.6,35,48.8,45.8,41.2,54.3,65.2,76.4,43.6,41,56.6,64.2,32.5,75.3,69,43.8,58.4,56.3,65.1,59.4,34.7,61.2,43.1
"24",2018-01-29,"Monday",63.6,73.7,61.3,53.7,68.8,60.2,59.1,72,73.2,80.9,60.7,60.2,66.3,70.9,40.4,76,70,60.8,75.4,66.8,82.4,76.6,53.7,69.1,62.5
"34",2018-01-30,"Tuesday",68.4,80.8,67.5,59.6,76,64.6,64.5,78.1,75.6,81.3,68.4,71,67.9,76.6,43.6,76.5,72.5,66.4,85.7,75.2,88.1,81.2,58.2,74.5,69.7
"44",2018-01-31,"Wednesday",67.8,78.6,66.8,57.1,74.6,64.6,63.8,76.5,75.3,85,72,68.1,65.5,76,44.1,81.5,71.9,63.6,92.6,78.7,86.1,79.8,55.3,77.6,65.8
"54",2018-02-01,"Thursday",65.2,60.7,57,49.5,68.6,56.4,55.5,66.3,72.5,84.2,78.9,67.8,65.1,71.1,42.1,83.6,70.6,54.8,89.2,76,75.1,70.6,47,72.2,53.1
"64",2018-02-02,"Friday",65.7,58.4,51.3,45.3,64.1,50.4,49.9,58.9,71.1,84.4,89.5,65.6,71.3,70.3,51.9,84.5,78.7,52.7,77.9,69.5,61.5,58.2,47.2,72.6,45.5
"74",2018-02-03,"Saturday",67.6,55.5,54.9,49.1,58.1,50.1,53.6,61,72.7,84.5,94.6,60,74.3,75.9,51.9,81.2,80.8,59.6,69.8,71.4,63.2,53,50,70.1,47.8
"15",2018-02-04,"Sunday",56.3,44.9,40.8,35,43.7,43.1,40.3,50.1,61.2,70,93.2,38,53.3,64,32.8,79.2,64.2,51.1,60.1,60.2,57.2,47.2,33.8,53.3,43.5
"25",2018-02-05,"Monday",78.6,70.5,62.2,54.3,70.6,65.6,58.3,69.6,76.3,78,58.9,59,66.4,76.8,43.6,82.7,77.8,61.6,77.2,78.9,78,69.1,53.7,70.8,64.6
"35",2018-02-06,"Tuesday",87.6,79.3,69.5,61.1,80.3,74.1,66.4,80.2,84.9,83.4,61.1,69.5,76,84.3,47.1,84.7,82,71.4,87.5,85.5,87.3,78.5,63.3,83.4,73.7
"45",2018-02-07,"Wednesday",86.9,78.9,69.7,60.8,77.2,75,66.6,84.8,86,89.2,62,67.2,77.8,83.9,46.7,88.2,79.9,80.3,92.3,86.8,92.5,79.7,59.2,88,71
"55",2018-02-08,"Thursday",75.5,64.6,57.4,53.5,65.8,68.3,57.9,73.7,80.6,89.9,51.9,58.6,71.5,77.8,41.8,89.5,77.5,67.1,88.5,78.7,85,71.2,51.3,85.2,58.8
"65",2018-02-09,"Friday",76.9,62.5,56.9,54.5,61.3,64.5,58.5,61.8,79.7,90.9,55,64.7,86.4,77.8,46.3,90.1,87.1,63.4,83.6,79.4,76.5,66.6,58.1,87.5,55
"75",2018-02-10,"Saturday",83.7,66.4,63.1,55.2,63.8,64.7,58.6,64.9,83.5,91.2,61.8,66.1,92.8,83.2,51,88,91.7,68.8,84.2,88.4,77,68,60.9,86.4,58.7
"16",2018-02-11,"Sunday",62.1,53,43.1,37.2,49,51.9,43.5,55.1,66.6,83.7,37.3,47.5,80.4,71.6,34.1,85.2,78.1,42,68.1,67.5,67.2,53.8,38.1,64.3,47.4
"26",2018-02-12,"Monday",69.4,68.3,62.9,53,68.3,62.7,57.6,70.3,75.1,85,58.1,62.1,80,80.5,44.4,85.7,84.1,60.8,82.5,75.3,81.1,65.8,53.2,75.4,65.8
"36",2018-02-13,"Tuesday",72.7,67.2,64.1,56.6,70.9,63.1,61.7,72.4,78.4,85.4,61.2,64,73.1,80.6,47.8,86.5,82.7,64,80.4,75.7,81.6,68.4,54.9,78.3,67.6
"46",2018-02-14,"Wednesday",77.8,65.8,62.8,59.3,70.4,64.8,63.7,73.6,84.7,89.5,61.2,65.6,60,78.9,48.7,91.4,78.8,63.1,83.6,74.4,80.2,70,55.3,83.6,63.7
"56",2018-02-15,"Thursday",80.2,61.6,57.3,54.8,64.7,65.7,57.2,69.5,87,93.4,63.7,72.5,60.8,76.6,51.2,93.2,85.3,54.7,87.9,86,77.2,67.9,50.9,80.4,59.8
"66",2018-02-16,"Friday",91.4,73.1,62.5,60.7,69.6,67.9,59.8,71.6,92.9,95.3,71.6,80.7,79.3,85.5,66.8,95.8,94.1,64.7,92.6,94,81.2,68.8,69.2,93,69.7
"76",2018-02-17,"Saturday",95.6,80.6,78.3,74.9,74.2,70.2,71.9,73.9,96.2,95.9,81.1,83.8,85.9,94.5,72.3,95.4,96.2,82.7,94.8,96.9,91.1,75.5,77.2,96.3,79
"17",2018-02-18,"Sunday",85.5,56.1,57.6,45.7,51.1,49.7,50.9,58.5,85.3,87.2,47.6,57.1,68.8,82.2,45.2,92,88,57.3,85.2,85.8,73.5,59.6,55.1,79.4,58.3
"27",2018-02-19,"Monday",77.6,62.7,55.4,50.6,64.7,60.7,56.3,68.9,73.9,81.8,56.3,68.8,76.5,74.9,45,88.8,79.6,57.2,84.8,72.4,65.7,62.9,53.7,80.4,51.1
"37",2018-02-20,"Tuesday",78.6,72.5,63.7,61.9,81.5,72.4,67,83.6,82.9,87.6,65.7,78.9,83.2,79.9,51.8,88.6,85.7,71.1,93.6,76.1,77.6,74.7,66.7,89.8,64.7
"47",2018-02-21,"Wednesday",83.2,72.5,64,69.5,81.7,78.4,67,86.3,88.1,91.8,64.7,75.5,84.6,83.2,56.2,92.2,91.6,70.8,95.7,80.9,81.2,78.8,63.8,93.8,69.7
"57",2018-02-22,"Thursday",83.6,67.7,61.8,65.8,73.6,75.2,59.5,80,86.3,91.9,59.4,68.8,81.1,81.8,56.7,93,92.3,60,93.2,83.7,79.6,72.9,61.7,92.7,62.4
"67",2018-02-23,"Friday",84.2,73.2,60.9,68.9,82.3,68.1,61,76.7,85.2,92.5,62.5,73.3,88.9,81.6,70.7,91.5,93.2,63.1,93,85.5,76.3,67.6,68.2,95.3,58.5
"77",2018-02-24,"Saturday",85.1,79.7,62.4,69,83.4,64.5,68.9,76.4,85.8,91.8,73.2,79.4,89.8,84.1,74.8,89.6,94.2,69,91.3,89.7,81.5,64.6,74.6,96.3,63.8
"18",2018-02-25,"Sunday",62.2,53.7,42.2,39.7,61,50.3,45.2,57.8,65.6,82.9,45,61.6,61.6,68.4,41.6,84.9,74.1,43.1,75.3,68.9,65.2,49.9,41,75.8,54.9
"28",2018-02-26,"Monday",73.1,70.5,64.5,56.1,76.5,66.8,62.4,75.8,76.8,87.4,63.8,80.7,64.4,80,51,83.6,81.8,66.2,88.7,84.7,80.8,70.1,62,90,74
"38",2018-02-27,"Tuesday",77.7,76.2,73.2,63,83.5,76,69.1,83.8,81.3,87.5,70.7,84.4,68.5,84.5,54.3,81.9,84.6,75.9,92.7,89.3,86.3,79.6,69.1,91.6,80.6
"48",2018-02-28,"Wednesday",76.9,77.8,71.7,63.3,80.1,76.4,68.1,82.2,82.6,83.6,66.5,73.7,70,83.2,53.3,83,82.7,73.5,90.3,89.2,84.9,83.9,67.8,91.6,75.9
"58",2018-03-01,"Thursday",73.3,71.5,67.6,53.7,72.7,69.1,70.9,72.9,80.7,85.2,57.4,74,72.6,81,54.3,85.3,82.9,65.6,88.1,83.3,78.7,81.6,62.4,87.8,65.8
"68",2018-03-02,"Friday",75.3,79.7,75.3,59.3,77.6,65,74.9,75.5,81,90.4,67.6,80.1,84.5,86.4,65.8,86.8,90.5,86.6,87.6,79.6,73.7,76.9,69.2,93.3,77.7
"78",2018-03-03,"Saturday",79.2,82.4,85.3,64,76.6,66.9,72.9,77.2,83.6,90.2,68.5,82.2,89.7,87.1,69.4,85.8,93.8,89.1,87,84.4,77.4,77,73.8,95.6,81.1
"19",2018-03-04,"Sunday",61.2,53.9,60.5,41.9,58.9,56.7,47.1,60.3,73.5,78.3,41.8,53.8,59.2,73.6,44.8,82.4,76,72.3,74.8,66.8,68,59.7,44.1,72,67.2
"29",2018-03-05,"Monday",71.1,72,75.1,60.1,79.7,76.1,67.1,80.3,82.5,82.2,66.8,69.5,69.5,83.8,54.9,83.9,82.2,84,87.8,80,83,74.2,60.5,84.3,82.3
"39",2018-03-06,"Tuesday",78.6,79.1,75.4,67.7,86.5,83.8,74.8,87.6,88.7,86.2,65.9,77.2,86.4,90.2,57.9,83.6,85.7,83.1,92.5,85.1,85.3,82,69.1,90.9,82.6
"49",2018-03-07,"Wednesday",88.3,81,75.6,70.4,84.1,82.3,75.3,86.4,90.4,89.4,67.3,80.2,91.3,94.3,57.2,85.8,88.2,83,92.5,83.8,84.6,81,73.8,94.5,79.6
"59",2018-03-08,"Thursday",94.6,72.4,78,62.7,70.5,69.9,64.9,74,87,87.5,60.7,78.8,92.3,85.5,55.1,86.6,87.6,73.3,91.3,79.7,77.9,72,69.2,94,69.3
"69",2018-03-09,"Friday",93.2,74.1,77.4,73.6,71.6,78,68.1,72.5,85.3,88,64.5,86.7,95,86,68.1,91.2,94.4,77.5,92.6,78.9,71.6,65.8,74.2,95.6,72.1
"79",2018-03-10,"Saturday",90.2,76.7,85.4,80.6,75.2,80.8,73.2,80.8,87.7,88.5,74.5,84.7,96.2,90.1,70.3,89.2,96,82,96.6,86.2,75.5,67.8,78.1,97,78.3
"110",2018-03-11,"Sunday",71.7,56.7,70.9,58.1,58,68.5,46.4,64.5,72.7,79.8,46.2,59.7,83,77.1,44.5,84.1,90.7,53.8,83.8,72.5,69,58.9,48.6,77.9,62.5
"210",2018-03-12,"Monday",81.7,74.5,82.2,72.9,71.7,73.9,63.9,76,80.8,88.5,68,75.1,85.5,90,54.1,83.1,95.3,74.8,91.7,89.5,85.8,78.4,65.6,86.5,84.1
"310",2018-03-13,"Tuesday",84.6,82.3,83.1,75.8,77.9,79,71,78.2,85.1,91.4,74.4,81.8,84.4,93,58.7,80.9,95.7,79.9,94.9,92.4,88.8,86.3,73.3,89.3,89.5
"410",2018-03-14,"Wednesday",82.9,83.9,76.2,71,81.3,79.2,71.9,77.6,86.4,92.2,71.6,79.7,84.5,93.7,59.3,81.4,94.8,78.2,95,92.1,89.4,85.6,74.5,91.2,87.8
"510",2018-03-15,"Thursday",82.2,78.5,68.3,63.7,76.5,82.7,63.2,75,82.3,91.9,60,80.4,87,92.9,56.4,82.8,94.2,67.8,94.5,86.7,82.2,75.1,65,90.1,77.2
"610",2018-03-16,"Friday",86.9,82,68.5,76.7,82.5,81.3,65.9,82.8,81.9,91.8,62.8,89.3,92.5,91.3,72.5,82.8,95.5,70.2,94.3,85.8,76,69.1,79.2,95.1,73.1
"710",2018-03-17,"Saturday",89.7,83.4,75.1,80.8,80.5,81.5,70.1,83.4,87.4,92.7,65.5,86,96,91.9,79.5,81.6,95.4,81,94.8,89.4,82.8,72.3,86.5,95.8,77
"111",2018-03-18,"Sunday",66.5,56.3,49.6,51.6,53.3,58.6,46.8,60.5,70.2,82.5,40,56.9,76.9,76.3,44.6,76.2,74,50.3,79.4,67.1,76.1,59.1,52.3,72.7,63
"211",2018-03-19,"Monday",74.7,71.6,70.8,68,74.9,70.8,64.1,75.6,78.7,84.2,61.6,70.7,81.3,85.7,52.1,77.8,78.9,71.7,89.1,77.7,89.9,76.3,67.7,82.5,82.2
"311",2018-03-20,"Tuesday",78,78.5,75.7,73.9,85.2,78.8,76,84.2,82.8,88.4,70.6,80.8,83.7,88.8,56.1,77.5,86.6,80,93.4,87.1,95.3,85.9,76.1,88.1,87.9
"411",2018-03-21,"Wednesday",77.4,82.2,78.1,72.4,85.9,80.5,73.7,84.1,83,91,73.4,82.9,83.7,92.9,57.1,78.3,91.1,82.6,95.6,89.3,95.2,89.3,76.9,90.3,85.5
"511",2018-03-22,"Thursday",75.8,79.4,67.4,62,77.6,75.5,63.2,72.9,81.1,92.3,63.9,86.2,80.4,82.9,61.3,80.4,90.9,70.1,95.7,88,90.7,82.6,68.3,87,75.8
"611",2018-03-23,"Friday",83.1,86.2,78.3,67.7,81.2,75.9,60.3,72,82.4,95.5,70.8,94.3,90.3,84.5,73.2,85.1,93.9,76.6,95.6,89,85.1,77.4,77.9,87.3,82.5
"711",2018-03-24,"Saturday",89.6,84.7,82.7,74.2,80.9,76.2,69.1,73.1,88.6,95.5,72.6,93.2,95.5,90.3,76.5,85.4,95.7,82.7,93,93,88.7,78.9,79.9,93.5,84.9
"112",2018-03-25,"Sunday",71.1,56.2,61.3,51.3,53.6,57.1,46.5,52.5,74.2,90,45.2,64.8,81.1,81.1,50,80.5,83.6,54.9,71.7,72.6,80,64.9,50.1,75.7,63.6
"212",2018-03-26,"Monday",83.6,73.3,73.2,67.6,73.2,69.7,60,66.5,83.9,85.1,60.5,77.8,81.2,91.8,61.1,80.2,92,70.5,79.7,85.7,91,80.5,65.1,85.9,78.2
"312",2018-03-27,"Tuesday",87.9,77.3,78.5,73.1,81.1,70.3,64.8,71.7,86.2,87.1,65,81.2,75.1,95.5,66,79.5,94.8,75.1,82.5,91,94.9,86,70.5,89.3,82.9
"412",2018-03-28,"Wednesday",84.5,72.5,75.4,67.7,75.1,67.3,60.8,69.7,86.1,85.6,60.9,74.8,64.2,94.2,68,82,90.1,70.3,78.5,88,93,83.9,68.1,86.6,78.4
"512",2018-03-29,"Thursday",78,73.7,64.9,63.4,61.4,57.7,53.8,57.2,82,88,54.6,74.2,64,91,64.6,82.3,87.6,58.2,72.5,84.8,87,78.1,64,80.7,72.8
"612",2018-03-30,"Friday",79.6,83,70,70.1,67.4,59.5,57.3,60.2,84.5,91,57.4,89.5,79.9,93.6,73,83.3,92.7,74.4,71.5,87.2,84,77,68,87.1,81
"712",2018-03-31,"Saturday",76.9,78.4,70.5,63.8,61.6,52.7,54.7,60,83.4,88.4,49.8,75.5,78.9,92.5,71.6,80.4,92,72.7,68.7,84.9,80,74.3,53.4,85.7,78
"113",2018-04-01,"Sunday",62.4,49.5,45.6,36.4,41.4,41.4,38.7,45,65.2,78,32.3,44.4,55.8,76.6,52.7,74.5,78.7,53.1,55.2,61.1,63.3,52.2,39.9,63.3,55.9
"213",2018-04-02,"Monday",75.4,66,64.9,52.1,58.1,59.4,54.6,61.6,75.1,83.7,53.6,64.1,60.8,81.3,68.4,76.8,91.2,65.6,70.7,73.9,76.4,66.3,59.3,78,72.6
"313",2018-04-03,"Tuesday",82.9,74,79.1,64.2,69.6,70.5,63,71.8,81.5,86.5,62.1,79.4,67.3,88.4,72.6,78.5,95.9,77.3,79.4,81.5,88.2,73.9,68.2,86.5,83.3
"413",2018-04-04,"Wednesday",84.4,74.3,92,66.9,72.2,73,64.6,73,84.2,88.7,64,84.6,78.1,91.4,72.1,80.1,96.1,80.3,83.3,86,90,77.2,71.9,89.4,87.7
"513",2018-04-05,"Thursday",84.3,71.5,88,67,68.7,69.7,58.4,67,83.4,89.5,68.2,85.3,82.8,89.4,74,81.5,95.4,76.7,87.7,87.9,86.2,71.3,69.7,86.6,85.5
"613",2018-04-06,"Friday",85.7,80.4,87.9,76.8,76.4,74.9,62.1,68.2,86.1,92.7,73.1,91.8,89.9,87.6,79.6,84.2,94,83.5,89.1,89.4,86.4,70.9,79.5,91.5,84.9
"713",2018-04-07,"Saturday",84.7,79.6,88.8,79.9,79.7,76,66.2,70.1,85.5,90.9,78.3,85.3,95.2,86.8,73.5,82,88.4,85.8,86.9,91.2,85.4,74.8,85.3,89.5,86
"114",2018-04-08,"Sunday",61.6,59.4,60.7,50.8,56.3,62.1,47.8,52.5,63.6,76.7,41.9,55.8,84.3,70.4,47.1,77.6,65.6,51.5,64.7,68.1,69.7,54.9,48.5,61.3,64.1
"214",2018-04-09,"Monday",72.1,80,79.2,72.9,73.7,78.6,70.7,67.9,74.6,80.5,63.9,79,76.8,81,57.1,78.1,77.1,76.1,74.5,77.4,84.9,71.3,68.6,68.9,82.8
"314",2018-04-10,"Tuesday",77,87.5,88.6,82.3,80.9,85.2,78.8,73.7,80.9,80.9,72.9,85.4,82,86.5,62.1,78.3,80.8,83.3,79.7,81.4,90.2,80.1,79.1,74,91.6
"414",2018-04-11,"Wednesday",79.2,83.6,87.4,83,80.4,82.1,77.4,73.4,82.9,80.7,71.3,84.8,85,88.3,63.1,79.8,79.6,84.6,80.5,80.7,89.5,82.6,80.2,78.4,91
"514",2018-04-12,"Thursday",77.9,71.3,78.9,72.6,71.3,73.4,67.1,64.1,79.5,83,62.3,79.1,85.9,87.6,64.8,80.7,74.3,73.8,80.7,81,85.4,76.5,70.3,74.5,85.8
"614",2018-04-13,"Friday",78.7,76.6,75.6,74,79.8,70.2,66.6,64.7,81.9,88.3,71.6,81.7,91,91,76,83.4,84.2,77.3,82.6,88.4,80.8,73.6,75,79.8,83.7
"714",2018-04-14,"Saturday",83.5,79.6,88,81.8,79.3,66.9,74.6,68.8,86.1,91.3,84.5,80.5,89.9,94.4,82.3,83.2,92.5,83.8,83.3,92,81,72.7,76.6,83.4,87.1
"115",2018-05-06,"Sunday",62.9,57.2,52.6,58.1,56.5,55.5,52,48.9,65.4,74.2,48.6,67.9,69.7,85.7,54.4,72.6,75.6,57.8,63.4,74.5,75.3,67.8,60.9,61.8,65.5
"215",2018-05-07,"Monday",76.7,74.8,76.5,84,72.5,72.9,69.1,62.1,74.9,76.2,73.2,80.4,74.4,93.1,62.6,75.3,85.2,78.4,77.9,83.6,90.6,81.1,74.7,70.1,82.3
"315",2018-05-08,"Tuesday",81.8,81.9,89.9,90.8,79,84.9,75.9,68.8,81.3,77.7,79.7,86,79.2,96.9,66.7,75.5,88.8,84,84.1,86.2,95.3,87.6,77,73.5,86.8
"415",2018-05-09,"Wednesday",81.5,82,91.4,88.3,78.8,85.1,76.3,69,82.8,82.5,77.1,85.8,78.2,96.7,67.2,79.1,85.7,81.1,76.8,79.9,95,84.9,68.9,69.4,89
"515",2018-05-10,"Thursday",73.8,71.9,82.1,71.7,68.6,78.2,68.3,61.1,82.3,86.6,63.8,83.6,69.3,94.7,67,81.7,78.6,73.7,67.6,75.3,89.2,70.8,59.2,65.1,81.7
"615",2018-05-11,"Friday",70.5,70.6,74.1,67.6,66.6,68.9,67.1,59.6,81.2,91.6,68.9,80.2,73.6,90.3,80,85.4,79.4,77.7,62.4,78.2,79.4,65.4,62.5,71.9,75.1
"715",2018-05-12,"Saturday",72.4,68.5,74.1,68.9,65.6,68.4,69.8,64.3,80.6,91.5,77.3,75,72,90.5,84.8,83.6,78.4,83.1,60.4,82.2,79.2,69.4,68.5,76.5,75.5
"116",2018-05-13,"Sunday",53.7,52.3,55.1,47.8,49,50.8,49,46.5,60.7,75.9,51.3,50.2,49.3,82,54.1,80.3,57.1,55,48.7,56.4,69.1,62.3,42.5,51.1,60.7
"216",2018-05-14,"Monday",66.2,72.6,82.9,76.7,73.8,72.7,74.7,65.1,72.9,77.3,75.9,75.8,60.7,94.9,63.7,83.1,63.7,77,69.1,72.8,86.7,81.9,65.6,63.8,86.5
"316",2018-05-15,"Tuesday",71.7,80.8,92.3,85.6,82.3,83.3,82.9,72.1,80.3,79,89.4,84.7,70.8,97.9,71.6,83.8,68.8,86,77.7,79.6,93.7,90.6,74.4,71.3,94.2
"416",2018-05-16,"Wednesday",77.1,79.3,90.1,84.3,80.7,85.4,81,71.8,82.3,83.1,82.2,86.4,74.4,98.2,71.4,85.9,72.1,81.5,77.2,80.5,93.1,90.5,80.8,72.6,95.7
"516",2018-05-17,"Thursday",78.6,70.2,83.4,76.1,70.8,81.1,67.9,62.5,80.2,83.9,67.1,82.6,72.7,95.5,70.4,86.9,68.8,78.1,67.6,79,94,86.2,79.4,70.8,91.2
"616",2018-05-18,"Friday",84.9,73.1,87,83.6,71.9,81.8,68.1,63.9,83.5,86.5,76.5,86.6,81,92.6,82,89,72.8,88.7,64.2,86.4,90.3,87.1,84.3,74.8,87.7
"716",2018-05-19,"Saturday",88.2,81.9,93.8,89.7,76.9,81.5,74.9,68.4,88.5,84.2,86.8,91.6,86.4,94.5,82.9,86.3,77.5,91.1,65.2,95.5,92.2,93.8,85.5,79.2,89.7
"117",2018-05-20,"Sunday",65.4,60.4,76.9,71.1,56.7,67.5,54.8,53.1,70.2,71.5,54.5,68.2,66.5,85.5,57,82,62.4,58.9,53.9,71.1,83.4,83.2,50.8,61.7,71.8
"217",2018-05-21,"Monday",73.6,74.7,88.3,86.8,73.8,81.8,73.8,65.8,81.5,70.9,77.5,84.1,68.6,92.8,64,83.3,69.5,78.8,68.4,78.7,86.1,93.3,74.4,79.6,89
"317",2018-05-22,"Tuesday",76.3,80.8,93.3,87.8,80.3,88.3,81,71.4,86.2,71.8,83.3,90.6,68.5,95.3,67.4,82.7,71,85.3,74.2,79.8,88.8,96.7,80,88.2,94.2
"417",2018-05-23,"Wednesday",73.4,76.1,92.5,79.6,74.7,85,77.5,68.2,84.3,67.5,72.9,86,60.6,90.8,67.5,86.3,67.8,78.1,71,72.1,90.6,87.4,71.6,84.9,86.6
"517",2018-05-24,"Thursday",66.8,66.3,75.7,62.9,63.1,72.5,63.9,56.8,75.3,67.4,56,75,57.1,82.1,63.2,89.4,66.4,62.5,64.9,68.2,82.2,75.2,55.5,69.6,69.7
"617",2018-05-25,"Friday",78.4,82.8,81.1,76.6,72.5,88.4,69.6,62.9,80.2,72.8,63,84.5,75.1,86.7,83.8,91.5,82.9,80.8,70.1,83.6,85.7,78.6,67.4,72.6,80.9
"717",2018-05-26,"Saturday",94,92.8,95.3,90.9,82.9,90.7,81.6,74.5,91.3,79,78.5,95.2,91.9,93.9,94.8,91.2,92.4,94.7,77,96.7,94.1,87,84.5,83.9,93.7
"118",2018-05-27,"Sunday",81,64.1,77.7,71.5,63.9,71.3,63,56.4,77.4,70.7,57.7,68.3,82.8,87.6,80.1,86.3,77.2,71.8,60.5,92.2,82.3,70.3,60.8,61.9,72.6
"218",2018-05-28,"Monday",51.2,44.7,46.9,41.7,43.4,52.2,50.1,43.2,55.4,54.9,38.1,44.1,43.4,72.7,42.9,77.9,52.6,49.7,41,53.7,60.1,56.6,36.6,40.6,45.7
"318",2018-05-29,"Tuesday",63.1,56.3,71.6,58.6,59.5,70.2,64.5,61.7,68.2,62.7,63.3,64.2,58.5,85.4,50.9,76.4,58.3,72.2,52.7,62,76.4,72.9,55.4,53.2,67.6
"418",2018-05-30,"Wednesday",69.2,62.1,79.3,68.7,64.2,75.2,70.8,64.9,73.8,68.4,70.2,72.1,66.1,91.5,55.4,77.8,62.8,78.7,58.7,67.1,82.7,79.4,66.2,58.4,77.8
"518",2018-05-31,"Thursday",68.7,64.1,72.8,75.7,62.8,73.1,70.5,62.9,75.1,73.6,67.4,72.7,71.2,89.4,58,79.2,66.6,74.4,59.1,69.5,82.4,77.6,69.6,58.1,80
"618",2018-06-01,"Friday",75.2,76.7,70.6,87.8,66.7,79.4,78.3,68.5,78.5,79.6,73.4,78.2,74.3,87.7,76.3,83,75.3,78.2,60,78.2,82,76,82.4,66.6,84.1
"718",2018-06-02,"Saturday",80.6,79.2,79.7,91.3,69.6,80.2,81.9,70.6,82.7,79,77.3,78.6,76.9,90,79.9,83.9,85.6,91,61.8,89.9,87.1,79.7,84.6,77.4,88.1
"119",2018-06-03,"Sunday",66.7,56.9,67.8,74.4,55,67.5,58.9,51.7,68.1,66.5,53.5,65.6,58.5,80.2,55.8,82.6,75.7,57.1,52.7,74.1,78.1,69.3,57,58.2,75.7
"219",2018-06-04,"Monday",80,72.6,91.2,84.9,73.5,81.6,77.7,62.9,78.1,67.9,78.1,82.9,63.1,90.6,69.9,89.2,83,76.3,66.6,85.9,87.3,85.3,72.8,69.9,92.7
"319",2018-06-05,"Tuesday",84.9,77.2,96.4,85.6,82.3,87.8,85.3,68.3,83.4,69,89.1,89.1,69.6,95.2,74.5,88.5,86.1,83.7,71,88.6,91.9,91.2,79.9,75,94.1
"419",2018-06-06,"Wednesday",83.3,76.1,96.1,87,80.8,87.8,85.4,66.6,84.9,69.7,85.7,87.7,66.3,95.7,73.5,91.2,85.5,81.8,69.3,85.7,88.9,90.3,79.2,74.3,92.5
"519",2018-06-07,"Thursday",75.9,71.6,86.4,78.9,73,85.7,71.4,59,81.1,71.3,74.4,86.8,67.7,90.6,69.8,91.6,80.7,71.1,61.8,80.7,81.4,86,68.8,70.3,82
"619",2018-06-08,"Friday",77.8,74.7,81.9,83.8,75.7,87.5,71.8,58,83.2,77.8,83.6,87,75.4,90.2,82.5,91.3,76.9,77.2,58.2,81.6,79.1,82.9,70.9,74.2,79.5
"719",2018-06-09,"Saturday",83.6,76.3,88.3,90.6,82.4,88.5,79.6,64,91.2,80.1,84.1,87.4,86.8,93.9,88.5,87.6,86.7,91.2,60.5,87.9,82.5,83.5,73,80.1,86
"120",2018-06-10,"Sunday",67.7,59.7,69.9,72.1,61.1,69.6,61.8,49.4,76.8,68.4,56.1,75.2,68.4,83.5,61.9,84.5,76.7,61,52.8,68.1,78,73.3,50.2,59.4,72.8
"220",2018-06-11,"Monday",80.7,76.7,88.5,89.3,77.8,86.2,78.7,65.2,87.4,69.8,78.9,81.3,69,91.5,71.6,84.1,84.8,84.3,67,79.5,90.1,90,75.7,72.1,92.2
"320",2018-06-12,"Tuesday",87.8,83.9,92.6,92.8,84.5,93.7,85.6,71.3,92.4,71.3,90.6,88.6,64.1,95.8,75.9,84.6,87.5,91,70.8,89.7,95.3,95.7,81.8,77.3,95.6
"420",2018-06-13,"Wednesday",87.4,79.8,89.2,88,81.4,95.3,86.7,69.2,91.8,73.9,87.5,79.8,61.2,95.2,75.5,87.4,88.9,90,68.2,93.7,95.2,95.7,81.7,79.1,93.5
"520",2018-06-14,"Thursday",83.4,71.9,76.1,75,71.1,89.8,73.6,61.3,87.1,75.4,76,74.7,63.9,90.8,81.2,88.1,80.8,79.8,61.7,93.1,91.6,92.6,72.6,73.8,81.7
"620",2018-06-15,"Friday",86.2,76.8,73.3,73.5,71,89.1,72.8,64,86.2,77.2,75,75.1,71.6,88.5,91.7,87.1,81.2,86.1,59.4,90.1,86,89.5,88.1,76.7,76.6
"720",2018-06-16,"Saturday",88.6,80.4,75.1,81.5,70.4,89.2,75.3,60.4,87.7,76,75.7,75.7,74.4,89.6,93.2,86.3,84.8,91.2,61.2,91.5,84.3,88.3,93,83.1,77.5
"121",2018-06-17,"Sunday",66.2,54.6,62.3,66.6,51,65.6,57.8,49,68.7,63.2,52.5,57.4,53.9,78.1,64.4,86.7,65.3,53,48,70.6,75.5,71.1,61.5,59.5,64.6
"221",2018-06-18,"Monday",79.5,71.8,89.3,89.7,72.7,82.6,81.1,67.3,81,65.1,80.3,80.6,57.2,90.6,76.6,90.1,78.2,78.9,61.2,83.4,86.9,87.1,75.8,70.5,87.5
"321",2018-06-19,"Tuesday",88,77.8,95,94.6,84.2,94.3,88.4,73.6,87.1,68.8,92.3,90.9,64.3,96.7,79.3,89.7,83.1,86.2,68.6,91.6,92.3,92.1,83.9,76.6,94.1
"421",2018-06-20,"Wednesday",93.6,76.3,93.6,88.7,85.3,96.6,87.9,73.6,89.4,71.5,90.6,92.8,69.9,97.5,80,91.9,84.1,85.4,70.2,95.1,92,94.4,80.7,77.9,94.1
"521",2018-06-21,"Thursday",92.9,71.3,84.4,81.8,79.3,92.6,75.6,62.6,86.9,75.6,82.3,85.8,72.8,94.7,78.7,91.9,85.9,75.8,63.8,95.3,89.6,94.2,74.1,76.2,83.1
"621",2018-06-22,"Friday",93.8,80.6,85.4,82.6,81.3,94.1,75.5,63.7,90,82.3,91.5,89,87.8,91.7,90.6,92.5,91.7,85.6,64.8,95.1,89.5,91,79.7,87.3,82.5
"721",2018-06-23,"Saturday",94.9,82.7,89.6,89.4,82.6,94.2,80.5,69,95.1,82.9,94.9,92.8,90.8,94,93.6,90.1,94.6,94.1,69.1,95.7,94.1,93,83.6,93.2,85.7
"122",2018-06-24,"Sunday",74,61.5,78,71.3,55.6,79.8,65.1,52.1,83,72.6,61.8,66.6,67.9,86.7,69.9,85.1,80.4,66.3,50.3,77.4,85.4,81.3,56.5,64.7,70.7
"222",2018-06-25,"Monday",84.7,78.3,94.9,86.5,71.5,95,88.9,67,88.9,71.2,84.6,80.9,67.1,92.8,78.9,86.7,83.6,85.3,61.8,85.2,92.3,90.6,77,73,87.3
"322",2018-06-26,"Tuesday",88.5,80.6,97.4,93.3,80.3,97.8,95,77.4,90.7,73.9,92.8,86.3,69.6,95.9,81.4,86.9,83.8,90.2,67,87.7,96.6,88.7,83.4,74.9,92.8
"422",2018-06-27,"Wednesday",89.9,78.5,96.4,87.1,79.6,98.1,94,79.6,89.2,75.5,87.6,85.8,70,94.7,81.7,87.2,81.4,86.4,71.7,89.6,96.8,87.7,81.1,74,90.2
"522",2018-06-28,"Thursday",83.5,76.8,87.4,78.1,70.4,97.7,85.7,70.9,83,76,73.6,84.3,69.2,92.8,80.4,87.4,81.3,73,64.4,89.6,88.4,83.9,77.4,70.1,82.2
"622",2018-06-29,"Friday",83.5,76.5,79.4,84.8,69.1,96.7,84.3,68.2,81.4,78.1,81.2,86.6,72.6,93.4,88.1,90,85,78.7,62.3,91.4,82.5,80.8,90.7,77.3,78.1
"722",2018-06-30,"Saturday",86.7,80.6,80.7,89.6,73.2,95.4,91.1,71.2,85.4,79.2,92.9,87.5,75.7,95.8,91.7,89.7,87.6,86,64.6,93.4,86.1,84.5,94.4,81.2,80.4
"123",2018-07-01,"Sunday",67,57.3,58.6,57.7,46.9,68.1,69.7,45.4,65.8,66.8,57.3,51.6,49.2,86.1,64.7,83.3,67.3,50.9,47.7,68.2,70.7,65.8,59.2,55.8,55.3
"223",2018-07-02,"Monday",68.7,53.2,53.9,50.2,46.5,62.1,63.1,42.4,65.3,61.1,51.2,50,44.2,79.7,64.5,82.5,68.9,51,46.4,68.9,68.9,64.7,52.6,54.3,55.7
"323",2018-07-03,"Tuesday",73,51.4,54,49.6,46.8,59.5,54.2,39.5,65.2,62.9,48,47.5,44,77.5,70.9,87.2,71.4,49.6,50.4,73.6,67.8,61.7,49.8,56.5,56.3
"423",2018-07-04,"Wednesday",77.6,48,57.2,53.9,47.8,60.8,45.8,40.3,72.4,68.9,49.8,54.4,53.5,79.6,75.3,92,75.2,50.6,54.1,83.7,73.9,66.6,50.9,61.5,59.9
"523",2018-07-05,"Thursday",78.7,56.7,59.5,61.6,58.4,66.5,57.4,47.6,80.4,71.2,60.8,63.9,74.6,81.5,76.4,88.8,78.5,57.8,53.7,84,76.3,73.8,56.7,63.9,58.8
"623",2018-07-06,"Friday",90.4,71,73.7,77.5,71.3,79.3,68.3,59,91.8,78.9,67.1,80.9,91.4,86.7,88,90.6,86,76.6,58.8,93.3,85,83.3,69,75.9,72.1
"723",2018-07-07,"Saturday",93.1,74.9,76.8,81,72.9,82.4,71.7,66.7,93.9,78.6,70.8,82.2,93.3,87.4,87,89.6,85.9,85.8,59.4,93.1,85.6,88.9,70.6,78.5,75.7
"124",2018-07-15,"Sunday",75,64.7,74.2,70.5,58.8,81.5,66.4,51.7,80.6,76,59.1,63.4,59.4,86,66.6,86.5,70.3,58.5,50.1,77.5,82.8,75.2,58.2,62.2,71.3
"224",2018-07-16,"Monday",87.1,77,89.8,87.4,76.7,92.6,83.8,65.1,90.8,76.6,84.3,79.9,57.9,94.8,79.5,86.8,79.7,79.3,64.2,81.4,93.6,89.1,74.3,71.3,90.6
"324",2018-07-17,"Tuesday",93.1,81.8,96.1,93.4,82.2,94.9,89.2,71.8,93.9,78.4,93.9,84.4,66,97.4,84.1,86.3,84.5,89.3,69.7,86,96.4,91.8,78.9,76.6,94.6
"424",2018-07-18,"Wednesday",94.4,78.9,93.4,91.2,81.6,94.2,88.4,70.5,94.5,79.1,91.9,83.8,71.1,95.9,83,89,85.6,88.1,71.5,94.4,96.5,91.5,79.5,77.5,88.7
"524",2018-07-19,"Thursday",91.7,75.5,86.2,87.2,78.1,94,85.1,63.2,91.2,82.2,79.7,80.4,78.7,91.9,84.1,90.1,83.3,77.4,67.6,95.7,94.8,90.7,74.3,77.3,78.7
"624",2018-07-20,"Friday",93.2,79.4,87.6,93.3,80.5,94.9,83.8,65.1,91.2,87.3,79.8,86.5,90.8,92.3,92.9,90.9,87.3,82.5,67.1,96.4,92.9,92.3,82.1,84.5,79
"724",2018-07-21,"Saturday",96,85.7,94.7,95.5,80.8,97.2,86.6,68.6,94.4,87.6,87.2,87.5,92.9,94.8,93.1,88.6,90.2,89.1,66.8,97,95.3,94.7,92.7,88.8,84.4
"125",2018-07-29,"Sunday",81.8,58,79.4,66.3,54.7,71.9,63.4,53.2,80.9,77.8,58.6,60.3,51.2,84.9,64,85,71.6,60.2,49.3,82.2,86.7,74,66,60.1,64.4
"225",2018-07-30,"Monday",86.1,68.2,91.6,81.5,67.6,81.8,75.8,61.7,87.6,73.8,81.5,71.1,49.3,90.7,68.3,85.2,73.4,78.5,62,83.9,90.4,87.5,74.1,69.3,78.4
"325",2018-07-31,"Tuesday",88.3,75.1,94.1,86,71.9,87.7,83,66.3,90.2,76.8,88.8,79.8,52.1,92.2,71.3,88.2,74.3,79.8,63.2,89.7,92.9,90.9,78.9,75,84.3
"425",2018-08-01,"Wednesday",90.2,73.3,89.9,90.5,71.1,87.4,83.2,65.4,91.9,76.8,85.7,76.9,59.9,92.5,73.9,90.8,76.5,79.8,63.8,92.2,94.2,93.3,80.2,75.5,84
"525",2018-08-02,"Thursday",89.2,65.3,90,88.4,65.2,84.4,77.2,60.2,89.9,77.2,77.2,74.7,65.5,91.6,74.6,89,80.2,74,62.8,93,92,93.3,73.9,73.8,79.3
"625",2018-08-03,"Friday",93.4,72.6,94.4,90.4,68.3,87.7,82,61.4,93.3,84.7,89,78.5,79.2,93,88.4,89.1,88.3,81.4,65.2,94.7,91.7,94.9,78.7,84.7,81.8
"725",2018-08-04,"Saturday",96.2,77.6,96.3,92.1,70.8,90.7,87.9,62.6,95.9,86.9,93.2,84.5,83.1,93.5,92.2,87.9,90.3,85.9,67.5,97.4,93.4,97.3,81,88.6,86.4
"126",2018-08-05,"Sunday",80.9,58.5,80.2,67.4,50.5,71.5,61.2,48.2,82.4,72.2,65.2,64,56.5,84.6,70,82.8,68.7,58,52.3,84.4,81.5,83.8,55.6,61.4,64.7
"226",2018-08-06,"Monday",88.1,68.9,86.3,78,66.6,86.6,75.5,60.6,87.7,72.6,81,76.6,58,90.7,78.4,84.3,72.5,75.8,62.4,88.1,89.8,89.5,72.5,68.7,76.9
"326",2018-08-07,"Tuesday",92,77,90.7,82.2,75.2,97.6,81.7,65.5,91.1,73.9,86.1,81.3,61.7,95.9,81.7,85.8,75.4,85.9,66.4,89.4,91.9,95.7,83.5,72.4,81.8
"426",2018-08-08,"Wednesday",90.8,77.5,89.5,82.7,74.1,97.6,81.6,64.5,91.1,76,86,77.4,67.2,95.5,79.4,88.4,75.2,83.4,65.9,89.5,94.2,97.4,88.7,73.8,78.8
"526",2018-08-09,"Thursday",84.7,71.2,84.6,80.2,67.2,92,73.2,58.8,88.8,79.6,72.6,80.2,67.4,91.2,79.3,89.7,74.9,73.3,61.6,89.4,94.5,94.4,87.1,69.9,74.8
"626",2018-08-10,"Friday",87,80.6,85.3,87.2,67.5,88.1,76.2,61.1,90.3,85.4,79.3,90.9,70.4,91,91.6,90.5,83.1,78.7,63.1,94.3,95.4,94.5,89.5,73,79.7
"726",2018-08-11,"Saturday",93.8,83.1,89.5,91.5,67.5,91.5,85,65.8,93.5,85.2,80.8,95.2,76.1,94.9,93.8,90.5,86.6,87.4,68,97.5,95.5,87.8,87.3,78.1,83.8
"127",2018-08-12,"Sunday",70.5,53.1,67.3,65.3,53.8,69.9,62.8,47,77.7,72.5,53.3,64.7,50.9,85.5,66.1,88.3,63.9,62.3,52.8,76.7,82.2,73.1,60.8,54.7,59.6
"227",2018-08-13,"Monday",79.8,68.7,82.5,78.8,71,83.6,80.9,60,83.7,73,75.7,73.4,51.8,91.1,74.4,88.7,65.9,80,59.7,82.7,86.9,84,73.1,66.8,72.1
"327",2018-08-14,"Tuesday",82.7,74.5,89.5,83.9,75.7,94.6,86.1,67.2,87.6,74.6,88.3,80.8,55.5,93.9,76.4,88.2,68,85.8,64.1,85.1,90.4,84.8,76.6,76.2,77.9
"427",2018-08-15,"Wednesday",81.5,72,85.8,84.4,73.8,93.3,84,66.7,88.6,75.8,84.6,79.1,58.1,91.2,77,89.9,69,84.1,61.7,83.6,91,87.5,77.3,68.6,79.3
"527",2018-08-16,"Thursday",79.9,64.9,79.5,74.6,63.2,83,78.8,56.8,84.4,78.4,75.9,73.9,60.8,87.6,77.2,91.6,70.1,74.1,56.3,82.8,88.2,85.8,68.4,65.3,70.7
"627",2018-08-17,"Friday",86.1,66.8,81.6,80.1,64.8,82.8,82.3,55,86.8,85.1,82.2,75.9,73.3,90.6,91.5,92.8,76.4,79.3,55.5,89,87.8,92.8,73.6,69.8,72.9
"727",2018-08-18,"Saturday",91.6,73.3,90.6,86.9,71,86.5,84.6,62.7,93.2,87.5,90.8,80.5,74.5,93.9,93.8,92.4,79.7,85.7,57.7,95.7,91.1,95.8,84.8,75.3,76.1
"128",2018-08-19,"Sunday",67.6,51.8,74.1,60.4,48.7,70.5,56.2,44.9,73.2,69.1,60.2,57.9,48.5,82,66.8,86.9,61.1,56,47.7,72.7,80.3,74.6,48.6,50.6,58.7
"228",2018-08-20,"Monday",76,69.8,87.8,79.9,65.2,85.7,74.7,59.8,82,71,80.8,75.8,51.6,88.3,71.8,89,66.3,74.7,61.9,82.7,89.2,87.2,65.9,60.6,73.4
"328",2018-08-21,"Tuesday",79.5,80.1,93.2,81.1,73,91.8,81.4,65.7,85.6,72.8,86.3,84,56,91.2,73.8,88.6,65.8,82.6,68.1,85.4,93.8,93,73.9,64.7,79.7
"428",2018-08-22,"Wednesday",80.3,81.3,89.4,78.9,71.7,91,79.6,64.8,85.8,73.4,87.8,82.2,58.9,91.4,72.9,88.8,61.9,79.9,66.7,86,91.9,91.6,75.1,66.7,78.2
"528",2018-08-23,"Thursday",75.3,73.6,78.6,74.6,63.3,82.7,69.6,54.2,82.6,73.6,84.1,80.8,53.9,89.7,76.7,83.1,57.7,68.9,60.6,81.9,88.3,85.2,65.4,64,68.9
"628",2018-08-24,"Friday",81.5,72,80,78,60,83.5,73.6,49.5,84.8,79.3,93.5,82.7,64.4,91.4,89.8,77.8,63.9,78.5,59.8,87.1,86.9,83.4,72.6,68.3,69.9
"728",2018-08-25,"Saturday",88.4,76.5,84.7,83.4,60.7,87.7,80.5,52.6,87.6,79.3,93.7,92.1,71.7,94.7,92.9,74.9,68.6,85.9,60.3,91.8,88,88.7,74.9,73.6,72
"129",2018-08-25,"Sunday",61.1,52.8,65.6,52.4,44.8,68.4,54.9,43.2,67.8,62.7,62.3,53.9,48.4,84.9,58.8,70.6,56.9,51.7,46.5,63.1,71.7,64.3,43.1,48.8,51.5
"229",2018-08-26,"Monday",70,64.6,79.9,70.2,61.3,79.7,71.2,58.8,75.4,61,80.6,72.9,48,89.8,63.5,69.8,62.5,70.6,55.9,72.2,82,77.1,62.2,57.5,65.6
"329",2018-08-27,"Tuesday",73.9,70,86.4,78.6,67.9,80.3,79.5,63.7,77.5,61.1,84.3,80.3,40.1,92,65.1,70.3,60.7,76.8,59.6,76.9,85.5,80.2,70.8,62.4,70.1
"429",2018-08-28,"Wednesday",70.3,66.8,84,69.8,64.8,77.6,73.2,59.6,74.9,61.9,78.4,76.5,42.2,90.4,61.7,73.2,59.5,73.2,57.5,74.4,83.1,81.5,65.1,58.3,66.7
"529",2018-08-29,"Thursday",63.5,65.1,74.9,57,53.5,70.6,64.2,51.6,70.2,64.7,64.5,66.3,48.1,87.6,58.4,77.2,58,61.7,53.4,70.7,74.4,83.1,55,52.3,58.1
"629",2018-08-30,"Friday",76.9,79.2,88.2,73.5,65.5,82.7,68.6,59.2,79.5,78.1,81.8,74.9,67,94.4,78.9,85.7,77.9,72.6,61,84.4,80.5,86.9,75.4,63.3,69.2
"729",2018-08-31,"Saturday",93.4,90.3,96.2,91.8,82,90.8,79.6,72.1,91.9,85.7,95.5,90.4,81.6,97.4,95.3,89.5,93.3,90.6,68.2,97.7,92.1,93,93.2,79.4,81.3
"130",2018-09-02,"Sunday",81.2,72.2,82.7,71.4,64.4,74.8,60.4,52.9,77.6,72.4,67.3,68.9,64.7,92.4,84.5,85.3,75.6,70.2,57.1,88.6,82.9,73.2,67.9,65.7,60.4
"230",2018-09-03,"Monday",45.8,43.3,56.6,41.5,38.5,52.7,44.6,37.3,54.6,48.7,41.6,40.7,34.6,73.9,42.5,78.6,40.6,39.3,38.2,47.6,61.5,55.4,37.2,39.1,38.9
"330",2018-09-04,"Tuesday",56.7,58,82.5,55.1,54.8,63.9,60.1,50.6,65.7,51.3,61.4,58.9,31.2,86.2,50.8,80,50.5,62,49.6,59.5,77.2,66.7,53.6,50.4,58.7
"430",2018-09-05,"Wednesday",63.1,62.6,85.3,68.2,65.3,72.8,66.2,56,73.2,56,69,69.2,36,93.7,55.8,80.7,61.4,76,58.4,72.5,88.6,75,62.5,55.8,70.7
"530",2018-09-06,"Thursday",63.3,57.3,83.1,66,61.1,73.7,62.6,51.7,72.7,60,64,71.2,43.8,92.1,58.1,83.9,64.5,73,60.4,76.2,88.3,78.3,66.6,56.9,64.8
"630",2018-09-07,"Friday",64.4,57.7,76.9,68.9,58.7,80.8,68.8,51,73.5,67.1,71.6,70.8,56.9,88.9,69.9,86.1,65.7,69.9,64,79.2,84.7,82,61.5,62.8,62
"730",2018-09-08,"Saturday",70.2,61.2,85.5,74.5,58.7,88.2,82.3,50.4,80.4,68.5,88.3,70.2,68.9,91.1,73.3,83.2,67.7,74.8,67.4,83.2,84.7,88,59.6,63.8,65.1
